type,unit,buildings,execution_time_below_6_months,execution_time_between_6_12_months,execution_time_between_12_18_months,execution_time_between_18_24_months,execution_time_between_24_30_months,execution_time_between_30_36_months,execution_time_above_36_months,average_execution_time
Öffentliche Bauherren,Gebäude,184,1,–,5,40,92,34,12,27
Unternehmen,Gebäude,614,2,5,43,114,113,75,262,35
Wohnungsunternehmen,Gebäude,517,2,5,35,99,107,60,209,34
Immobilienfonds,Gebäude,9,–,–,–,–,–,–,9,53
"Land- und Forstw., Tierh., Fischerei",Gebäude,1,–,–,–,–,–,–,1,121
Produzierendes Gewerbe,Gebäude,8,–,–,1,6,–,–,1,24
"Handel, Kreditinst., Dienstleistung, Versicherung, Verkehr u. Nachr.überm.",Gebäude,79,–,–,7,9,6,15,42,39
Private Haushalte,Gebäude,766,11,131,264,145,57,47,111,22
Organisationen ohne Erwerbszweck,Gebäude,6,1,–,–,–,1,1,3,43
